{
  "A_Ridge": {},
  "B_KNN": {},
  "C_true_corr": {
    "mean": [
      0.12024631436502797,
      0.1287321869077555
    ],
    "std": [
      -0.11582921774530176,
      -0.11597325549988433
    ],
    "low": [
      0.03649931499317082,
      0.08102784854858175
    ],
    "mid": [
      0.1296252301497838,
      0.12156349958950072
    ],
    "high": [
      0.12382437880896194,
      0.19723682870661122
    ],
    "edge_y": [
      0.2741889364474793,
      0.2647454137900785
    ],
    "sharp": [
      0.31568112015148664,
      0.2513329014764673
    ]
  },
  "C_pred_corr": {},
  "counts": {
    "labeled": 1080,
    "filled": 0
  }
}